{"mean": [0.281317549982657, 0.7881392292903083, 8.677494172351905e-07, 0.038881561519760875, 0.6275291223837421, -0.05633612540685962, -0.1671797348728745, 0.4068612712943222, -0.08947137362899565, -0.3167468174002803, 0.24656085375606746, -0.12109055461313656, -0.4209419839838282, 0.15094343374435748, -0.15450628319989648, -0.06006934810343378, 0.0762156142862384, -0.06722361475382953, -0.21376001800944178, -0.170499506200936, -0.11999099553787428, -0.2799679700959379, -0.3235348542609842, -0.16173634747002197, -0.32345180030149584, -0.4559814751325413, -0.19430279328767103, 0.05715327375806682, 0.09259793036530906, -0.08759690036302202, -0.05865617165603942, -0.17692067982100076, -0.13500772368891073, -0.08629205317923547, -0.36154300518541355, -0.17619126711804864, -0.10275732478543656, -0.5231132091583767, -0.20893910020295955, 0.17571499114348327, 0.1725866003996496, -0.11556003915856616, 0.09599525553769629, -0.08184133861508337, -0.1721705293980818, 0.07597578708471389, -0.2616445430643044, -0.2139149838032119, 0.062152124724184486, -0.42327493592111387, -0.24370881658168445, 0.3013141028879625, 0.29791467008667105, -0.14793748971266055, 0.293541013486813, 0.11462328299682041, -0.20632153315785107, 0.3157565072340904, -0.026737712278287952, -0.2333355939146477, 0.33202104310649866, -0.16888084855976487, -0.2507204271889704], "scale": [0.3302072098830412, 0.34064368391772276, 1.1773793312897639e-06, 0.3992852475975183, 0.43031527021944366, 0.06238188452194204, 0.4783749485670844, 0.4219771087648864, 0.09494691960498625, 0.5467722232796438, 0.36620929882625636, 0.12172276859491168, 0.6297419610474418, 0.3580271106059726, 0.15013365973339254, 0.2769641364827467, 0.2885502846885252, 0.12477572351117099, 0.27272882654584574, 0.15708731480861826, 0.16367687705226383, 0.28636678581863967, 0.1432492696944985, 0.17923615410647636, 0.3170722508656212, 0.1797882658751096, 0.18844677943990948, 0.16062348454554648, 0.18224046913391237, 0.12274372499852607, 0.1395101705043635, 0.1079041241590632, 0.16389005558820052, 0.14766987712871182, 0.21108800113897153, 0.17366532624327377, 0.20369134867846678, 0.26485477740247615, 0.18425518868130913, 0.20596825273468153, 0.13752802075053194, 0.12415414923564566, 0.25298579716056263, 0.19555366254272813, 0.15873027079640242, 0.27719283424304914, 0.28144214204286805, 0.16665369959667714, 0.31876611727863574, 0.3251944114122805, 0.1760446491719221, 0.35309309536930034, 0.17744930347952237, 0.1312686587643671, 0.4673879886713988, 0.262345070435601, 0.1629904454982511, 0.5223846252683639, 0.3155570261460338, 0.17600997472114957, 0.5680463626128502, 0.3455059330639333, 0.1876322439762714]}